vix_level_bucket,Low,Medium,High
Low,0.21870309396402016,0.22570294728447762,0.18826115651196065
Medium,0.2597328261815718,0.22588051190549463,0.23523347727316246
High,0.29364180844641985,0.39953606476294584,0.3195990982379165
