vix_level_bucket,0-5,6-20,21-60,61+
Low,0.2122624347841324,0.24550815640443033,0.18113620946068626,0.2187735057168243
Medium,0.23008794646452763,0.23000405055162618,0.22649467309829513,0.26337852127171996
High,0.2892191300445574,0.28962960533106363,0.3658494447230792,0.3525260714532946
