vix_level_bucket,Low,Medium,High
Low,0.20108305906392257,0.3400086506183681,0.1892555345610735
Medium,0.259085845000497,0.2334407036796461,0.22601678189968955
High,0.3190135085535189,0.3666112717367115,0.31459643294176903
