vix_level_bucket,count,mean,median,std,min,max
Low,493,0.20770028548016797,0.1894921560545376,0.11080985946139825,0.0858380933338465,1.0522742367613065
Medium,490,0.24168645968329616,0.23641825107129288,0.07724398115127007,0.1160584300210672,1.0498178237667877
High,492,0.34461646087862885,0.31965733164719906,0.15543302592132405,0.1140646606942386,1.1275961969704416
