model,n_features,valid_MAE,valid_RMSE,valid_R2,valid_Spearman,test_MAE,test_RMSE,test_R2,test_Spearman
gbr_extended,30,0.049327612789665576,0.06103912985117421,-0.39860385770992224,0.1269212696734341,0.08112436709225797,0.09872950147385963,0.24529196825064836,0.6241599123783842
gbr_baseline,11,0.054168531396893954,0.06597570794700523,-0.6339778772091647,-0.31947048700551,0.08215391102295296,0.10431601475925194,0.1574667327143613,0.4584600904739688
